id,title,authors,pub_date
39780201,CASP5 associated with PANoptosis promotes tumorigenesis and progression of clear cell renal cell carcinoma.,"[{'name': 'Yang K', 'authtype': 'Author', 'clusterid': ''}, {'name': 'Wang Y', 'authtype': 'Author', 'clusterid': ''}, {'name': 'Jian Y', 'authtype': 'Author', 'clusterid': ''}, {'name': 'Wang B', 'authtype': 'Author', 'clusterid': ''}, {'name': 'Du H', 'authtype': 'Author', 'clusterid': ''}, {'name': 'Xia Y', 'authtype': 'Author', 'clusterid': ''}, {'name': 'Bi J', 'authtype': 'Author', 'clusterid': ''}, {'name': 'Guo M', 'authtype': 'Author', 'clusterid': ''}, {'name': 'Li Z', 'authtype': 'Author', 'clusterid': ''}, {'name': 'Wang N', 'authtype': 'Author', 'clusterid': ''}]",2025 Jan 8
39780198,Relationship between CTF1 gene expression and prognosis and tumor immune microenvironment in glioma.,"[{'name': 'Cai H', 'authtype': 'Author', 'clusterid': ''}, {'name': 'Tian S', 'authtype': 'Author', 'clusterid': ''}, {'name': 'Liu A', 'authtype': 'Author', 'clusterid': ''}, {'name': 'Xie G', 'authtype': 'Author', 'clusterid': ''}, {'name': 'Zhang H', 'authtype': 'Author', 'clusterid': ''}, {'name': 'Wu X', 'authtype': 'Author', 'clusterid': ''}, {'name': 'Wan J', 'authtype': 'Author', 'clusterid': ''}, {'name': 'Li S', 'authtype': 'Author', 'clusterid': ''}]",2025 Jan 9
39780187,"Cancer-associated fibroblasts as therapeutic targets for cancer: advances, challenges, and future prospects.","[{'name': 'Cao Z', 'authtype': 'Author', 'clusterid': ''}, {'name': 'Quazi S', 'authtype': 'Author', 'clusterid': ''}, {'name': 'Arora S', 'authtype': 'Author', 'clusterid': ''}, {'name': 'Osellame LD', 'authtype': 'Author', 'clusterid': ''}, {'name': 'Burvenich IJ', 'authtype': 'Author', 'clusterid': ''}, {'name': 'Janes PW', 'authtype': 'Author', 'clusterid': ''}, {'name': 'Scott AM', 'authtype': 'Author', 'clusterid': ''}]",2025 Jan 9
39780180,Staphylococcus aureus vesicles impair cutaneous wound healing through p38 MAPK-MerTK cleavage-mediated inhibition of macrophage efferocytosis.,"[{'name': 'Ou J', 'authtype': 'Author', 'clusterid': ''}, {'name': 'Li K', 'authtype': 'Author', 'clusterid': ''}, {'name': 'Yuan H', 'authtype': 'Author', 'clusterid': ''}, {'name': 'Du S', 'authtype': 'Author', 'clusterid': ''}, {'name': 'Wang T', 'authtype': 'Author', 'clusterid': ''}, {'name': 'Deng Q', 'authtype': 'Author', 'clusterid': ''}, {'name': 'Wu H', 'authtype': 'Author', 'clusterid': ''}, {'name': 'Zeng W', 'authtype': 'Author', 'clusterid': ''}, {'name': 'Cheng K', 'authtype': 'Author', 'clusterid': ''}, {'name': 'Nandakumar KS', 'authtype': 'Author', 'clusterid': ''}]",2025 Jan 8
39780157,Potentially actionable molecular alterations in particular related to poor oncologic outcomes in salivary gland carcinomas.,"[{'name': 'Pikul J', 'authtype': 'Author', 'clusterid': ''}, {'name': 'Machnicki MM', 'authtype': 'Author', 'clusterid': ''}, {'name': 'Rzepakowska A', 'authtype': 'Author', 'clusterid': ''}, {'name': 'Winiarska N', 'authtype': 'Author', 'clusterid': ''}, {'name': 'Chudy A', 'authtype': 'Author', 'clusterid': ''}, {'name': 'Moskowicz A', 'authtype': 'Author', 'clusterid': ''}, {'name': 'Król K', 'authtype': 'Author', 'clusterid': ''}, {'name': 'Fus Ł', 'authtype': 'Author', 'clusterid': ''}, {'name': 'Kostrzewa G', 'authtype': 'Author', 'clusterid': ''}, {'name': 'Stokłosa T', 'authtype': 'Author', 'clusterid': ''}]",2025 Jan 8
39780142,Development of a prognostic nomogram and risk stratification system for elderly patients with esophageal squamous cell carcinoma undergoing definitive radiotherapy: a multicenter retrospective analysis (3JECROG R-03 A).,"[{'name': 'Xu Y', 'authtype': 'Author', 'clusterid': ''}, {'name': 'Lin C', 'authtype': 'Author', 'clusterid': ''}, {'name': 'Han C', 'authtype': 'Author', 'clusterid': ''}, {'name': 'Wang X', 'authtype': 'Author', 'clusterid': ''}, {'name': 'Zhao Y', 'authtype': 'Author', 'clusterid': ''}, {'name': 'Pang Q', 'authtype': 'Author', 'clusterid': ''}, {'name': 'Sun X', 'authtype': 'Author', 'clusterid': ''}, {'name': 'Li G', 'authtype': 'Author', 'clusterid': ''}, {'name': 'Zhang K', 'authtype': 'Author', 'clusterid': ''}, {'name': 'Li L', 'authtype': 'Author', 'clusterid': ''}, {'name': 'Qiao X', 'authtype': 'Author', 'clusterid': ''}, {'name': 'Lin Y', 'authtype': 'Author', 'clusterid': ''}, {'name': 'Xiao Z', 'authtype': 'Author', 'clusterid': ''}, {'name': 'Chen J', 'authtype': 'Author', 'clusterid': ''}]",2025 Jan 8
39780133,"Effect of different protocols in preventing demineralization in irradiated human enamel, in vitro study.","[{'name': 'Suwannapong N', 'authtype': 'Author', 'clusterid': ''}, {'name': 'Chantarangsu S', 'authtype': 'Author', 'clusterid': ''}, {'name': 'Kamnoedboon P', 'authtype': 'Author', 'clusterid': ''}, {'name': 'Srinivasan M', 'authtype': 'Author', 'clusterid': ''}, {'name': 'Pianmee C', 'authtype': 'Author', 'clusterid': ''}, {'name': 'Bunsong C', 'authtype': 'Author', 'clusterid': ''}, {'name': 'Sivavong P', 'authtype': 'Author', 'clusterid': ''}, {'name': 'Nantanapiboon D', 'authtype': 'Author', 'clusterid': ''}]",2025 Jan 8
39780129,Astaxanthin-loaded PLGA nanoparticles inhibit survival of MKN-45 gastric cancer cell line by modulating JAK2/STAT3/mTOR/PI3K pathway.,"[{'name': 'YektaKooshali MH', 'authtype': 'Author', 'clusterid': ''}, {'name': 'SobhZahedi M', 'authtype': 'Author', 'clusterid': ''}, {'name': 'Razavi Tousi SMT', 'authtype': 'Author', 'clusterid': ''}, {'name': 'Hamidi M', 'authtype': 'Author', 'clusterid': ''}, {'name': 'Modiri L', 'authtype': 'Author', 'clusterid': ''}]",2025 Jan 9
39780119,Carboplatin in combination with etoposide for advanced small cell lung cancer complicated with idiopathic interstitial pneumonia: a single-arm phase II study.,"[{'name': 'Matsumoto M', 'authtype': 'Author', 'clusterid': ''}, {'name': 'Minegishi Y', 'authtype': 'Author', 'clusterid': ''}, {'name': 'Higa K', 'authtype': 'Author', 'clusterid': ''}, {'name': 'Fukuizumi A', 'authtype': 'Author', 'clusterid': ''}, {'name': 'Onda N', 'authtype': 'Author', 'clusterid': ''}, {'name': 'Takeuchi S', 'authtype': 'Author', 'clusterid': ''}, {'name': 'Miyanaga A', 'authtype': 'Author', 'clusterid': ''}, {'name': 'Gemma A', 'authtype': 'Author', 'clusterid': ''}, {'name': 'Seike M', 'authtype': 'Author', 'clusterid': ''}]",2025 Jan 8
39780118,Evaluation of One Step Nucleic Acid Amplification for detection of lymph node metastases compared to histopathological ultrastaging in women with endometrial cancer: a protocol for a diagnostic accuracy study.,"[{'name': 'Kostun J', 'authtype': 'Author', 'clusterid': ''}, {'name': 'Mescalchin A', 'authtype': 'Author', 'clusterid': ''}, {'name': 'Pešta M', 'authtype': 'Author', 'clusterid': ''}, {'name': 'Slunečko R', 'authtype': 'Author', 'clusterid': ''}, {'name': 'Ismail KM', 'authtype': 'Author', 'clusterid': ''}, {'name': 'Smoligová V', 'authtype': 'Author', 'clusterid': ''}, {'name': 'Presl J', 'authtype': 'Author', 'clusterid': ''}]",2025 Jan 9
39780116,Correlation analysis of DLG5 and PD-L1 expression in triple-negative breast cancer.,"[{'name': 'Che J', 'authtype': 'Author', 'clusterid': ''}, {'name': 'Chen B', 'authtype': 'Author', 'clusterid': ''}, {'name': 'Wang X', 'authtype': 'Author', 'clusterid': ''}, {'name': 'Liu B', 'authtype': 'Author', 'clusterid': ''}, {'name': 'Xu C', 'authtype': 'Author', 'clusterid': ''}, {'name': 'Wang H', 'authtype': 'Author', 'clusterid': ''}, {'name': 'Sun J', 'authtype': 'Author', 'clusterid': ''}, {'name': 'Feng Q', 'authtype': 'Author', 'clusterid': ''}, {'name': 'Zhao X', 'authtype': 'Author', 'clusterid': ''}, {'name': 'Song Z', 'authtype': 'Author', 'clusterid': ''}]",2025 Jan 8
39780115,Development of a pandemic-related core set of quality indicators for quality and patient safety in University Hospitals in Germany.,"[{'name': 'Evers J', 'authtype': 'Author', 'clusterid': ''}, {'name': 'Altschuck N', 'authtype': 'Author', 'clusterid': ''}, {'name': 'Mehl C', 'authtype': 'Author', 'clusterid': ''}, {'name': 'Rüthrich L', 'authtype': 'Author', 'clusterid': ''}, {'name': 'Harst L', 'authtype': 'Author', 'clusterid': ''}, {'name': 'Walther F', 'authtype': 'Author', 'clusterid': ''}, {'name': 'Steidle O', 'authtype': 'Author', 'clusterid': ''}, {'name': 'Suckow A', 'authtype': 'Author', 'clusterid': ''}, {'name': 'Hecker R', 'authtype': 'Author', 'clusterid': ''}, {'name': 'Schmitt J', 'authtype': 'Author', 'clusterid': ''}, {'name': 'Geraedts M', 'authtype': 'Author', 'clusterid': ''}]",2025 Jan 8
39780110,Identification of cancer cell-intrinsic biomarkers associated with tumor progression and characterization of SFTA3 as a tumor suppressor in lung adenocarcinomas.,"[{'name': 'Zhao Y', 'authtype': 'Author', 'clusterid': ''}, {'name': 'Zhou C', 'authtype': 'Author', 'clusterid': ''}, {'name': 'Zuo L', 'authtype': 'Author', 'clusterid': ''}, {'name': 'Yan H', 'authtype': 'Author', 'clusterid': ''}, {'name': 'Gu Y', 'authtype': 'Author', 'clusterid': ''}, {'name': 'Liu H', 'authtype': 'Author', 'clusterid': ''}, {'name': 'Yu G', 'authtype': 'Author', 'clusterid': ''}, {'name': 'Zhou X', 'authtype': 'Author', 'clusterid': ''}]",2025 Jan 8
39780104,Cross-cultural adaptation of the simple Chinese version of the medication adherence reasons scale in patients undergoing adjuvant endocrine therapy for breast cancer.,"[{'name': 'Xu L', 'authtype': 'Author', 'clusterid': ''}, {'name': 'Li P', 'authtype': 'Author', 'clusterid': ''}, {'name': 'Hu Y', 'authtype': 'Author', 'clusterid': ''}, {'name': 'Xing W', 'authtype': 'Author', 'clusterid': ''}, {'name': 'Qiu J', 'authtype': 'Author', 'clusterid': ''}, {'name': 'Zhang X', 'authtype': 'Author', 'clusterid': ''}, {'name': 'Jia L', 'authtype': 'Author', 'clusterid': ''}, {'name': 'Jing F', 'authtype': 'Author', 'clusterid': ''}, {'name': 'Liu Y', 'authtype': 'Author', 'clusterid': ''}, {'name': 'Li L', 'authtype': 'Author', 'clusterid': ''}, {'name': 'Lu C', 'authtype': 'Author', 'clusterid': ''}]",2025 Jan 8
39780102,Impact of irradiation conditions on therapy of Lewis lung carcinoma in mice using glucose-ethylenediamine carbon dots.,"[{'name': 'Lishchuk P', 'authtype': 'Author', 'clusterid': ''}, {'name': 'Kuznietsova H', 'authtype': 'Author', 'clusterid': ''}, {'name': 'Dovbynchuk T', 'authtype': 'Author', 'clusterid': ''}, {'name': 'Dziubenko N', 'authtype': 'Author', 'clusterid': ''}, {'name': 'Garmanchuk L', 'authtype': 'Author', 'clusterid': ''}, {'name': 'Alekseev S', 'authtype': 'Author', 'clusterid': ''}, {'name': 'Isaiev M', 'authtype': 'Author', 'clusterid': ''}, {'name': 'Pozdnyakova N', 'authtype': 'Author', 'clusterid': ''}, {'name': 'Pastukhov A', 'authtype': 'Author', 'clusterid': ''}, {'name': 'Krisanova N', 'authtype': 'Author', 'clusterid': ''}, {'name': 'Borisova T', 'authtype': 'Author', 'clusterid': ''}, {'name': 'Lysenko V', 'authtype': 'Author', 'clusterid': ''}, {'name': 'Skryshevsky V', 'authtype': 'Author', 'clusterid': ''}]",2025 Jan 8
39780099,Triple-drug antibiotic therapy for disseminated nocardial abscess in the mediastinum and brain of an immunocompetent patient: a case report.,"[{'name': 'Zhang Y', 'authtype': 'Author', 'clusterid': ''}, {'name': 'Qi Z', 'authtype': 'Author', 'clusterid': ''}, {'name': 'Li H', 'authtype': 'Author', 'clusterid': ''}, {'name': 'Gao H', 'authtype': 'Author', 'clusterid': ''}]",2025 Jan 8
39780089,"Ultrasound localization microscopy in the diagnosis of breast tumors and prediction of relevant histologic biomarkers associated with prognosis in humans: the protocol for a prospective, multicenter study.","[{'name': 'Li J', 'authtype': 'Author', 'clusterid': ''}, {'name': 'Chen L', 'authtype': 'Author', 'clusterid': ''}, {'name': 'Wang R', 'authtype': 'Author', 'clusterid': ''}, {'name': 'Zhu J', 'authtype': 'Author', 'clusterid': ''}, {'name': 'Li A', 'authtype': 'Author', 'clusterid': ''}, {'name': 'Li J', 'authtype': 'Author', 'clusterid': ''}, {'name': 'Li Z', 'authtype': 'Author', 'clusterid': ''}, {'name': 'Luo W', 'authtype': 'Author', 'clusterid': ''}, {'name': 'Bai W', 'authtype': 'Author', 'clusterid': ''}, {'name': 'Ying T', 'authtype': 'Author', 'clusterid': ''}, {'name': 'Wei C', 'authtype': 'Author', 'clusterid': ''}, {'name': 'Sun D', 'authtype': 'Author', 'clusterid': ''}, {'name': 'Zheng Y', 'authtype': 'Author', 'clusterid': ''}]",2025 Jan 8
39780067,"Postdiagnostic use of antihypertensive medications and survival in colorectal, lung, corpus uteri, melanoma and kidney cancer patients with hypertension.","[{'name': 'Everatt R', 'authtype': 'Author', 'clusterid': ''}, {'name': 'Kuzmickienė I', 'authtype': 'Author', 'clusterid': ''}, {'name': 'Brasiūnienė B', 'authtype': 'Author', 'clusterid': ''}, {'name': 'Vincerževskienė I', 'authtype': 'Author', 'clusterid': ''}, {'name': 'Intaitė B', 'authtype': 'Author', 'clusterid': ''}, {'name': 'Cicėnas S', 'authtype': 'Author', 'clusterid': ''}, {'name': 'Lisauskienė I', 'authtype': 'Author', 'clusterid': ''}]",2025 Jan 8
39780049,Acute kidney injury is associated with liver-related outcomes in patients with hepatitis B virus infection: a retrospective cohort study.,"[{'name': 'Liu J', 'authtype': 'Author', 'clusterid': ''}, {'name': 'Chen R', 'authtype': 'Author', 'clusterid': ''}, {'name': 'Zhou S', 'authtype': 'Author', 'clusterid': ''}, {'name': 'Guo Z', 'authtype': 'Author', 'clusterid': ''}, {'name': 'Su L', 'authtype': 'Author', 'clusterid': ''}, {'name': 'Cao L', 'authtype': 'Author', 'clusterid': ''}, {'name': 'Li Y', 'authtype': 'Author', 'clusterid': ''}, {'name': 'Zhang X', 'authtype': 'Author', 'clusterid': ''}, {'name': 'Luo F', 'authtype': 'Author', 'clusterid': ''}, {'name': 'Xu R', 'authtype': 'Author', 'clusterid': ''}, {'name': 'Gao Q', 'authtype': 'Author', 'clusterid': ''}, {'name': 'Lin Y', 'authtype': 'Author', 'clusterid': ''}, {'name': 'Xu X', 'authtype': 'Author', 'clusterid': ''}, {'name': 'Nie S', 'authtype': 'Author', 'clusterid': ''}, {'name': 'CRDS study Investigators', 'authtype': 'CollectiveName', 'clusterid': ''}]",2025 Jan 8
39780039,Global Prevalence of Mental Health Problems Among Cancer Survivors: A Meta-Analysis From 31 Countries.,"[{'name': 'Ge MW', 'authtype': 'Author', 'clusterid': ''}, {'name': 'Sheng J', 'authtype': 'Author', 'clusterid': ''}, {'name': 'Shen LT', 'authtype': 'Author', 'clusterid': ''}, {'name': 'Hu FH', 'authtype': 'Author', 'clusterid': ''}, {'name': 'Jia YJ', 'authtype': 'Author', 'clusterid': ''}, {'name': 'Ur-Rehman A', 'authtype': 'Author', 'clusterid': ''}, {'name': 'Li W', 'authtype': 'Author', 'clusterid': ''}, {'name': 'Lan JZ', 'authtype': 'Author', 'clusterid': ''}, {'name': 'Liu P', 'authtype': 'Author', 'clusterid': ''}, {'name': 'Chen HL', 'authtype': 'Author', 'clusterid': ''}]",2025 Jan
39779996,Gene signatures derived from transcriptomic-causal networks stratify colorectal cancer patients for effective targeted therapy.,"[{'name': 'Yazdani A', 'authtype': 'Author', 'clusterid': ''}, {'name': 'Lenz HJ', 'authtype': 'Author', 'clusterid': ''}, {'name': 'Pillonetto G', 'authtype': 'Author', 'clusterid': ''}, {'name': 'Mendez-Giraldez R', 'authtype': 'Author', 'clusterid': ''}, {'name': 'Yazdani A', 'authtype': 'Author', 'clusterid': ''}, {'name': 'Sanoff H', 'authtype': 'Author', 'clusterid': ''}, {'name': 'Hadi R', 'authtype': 'Author', 'clusterid': ''}, {'name': 'Samiei E', 'authtype': 'Author', 'clusterid': ''}, {'name': 'Venook AP', 'authtype': 'Author', 'clusterid': ''}, {'name': 'Ratain MJ', 'authtype': 'Author', 'clusterid': ''}, {'name': 'Rashid N', 'authtype': 'Author', 'clusterid': ''}, {'name': 'Vincent BG', 'authtype': 'Author', 'clusterid': ''}, {'name': 'Qu X', 'authtype': 'Author', 'clusterid': ''}, {'name': 'Wen Y', 'authtype': 'Author', 'clusterid': ''}, {'name': 'Kosorok M', 'authtype': 'Author', 'clusterid': ''}, {'name': 'Symmans WF', 'authtype': 'Author', 'clusterid': ''}, {'name': 'Shen JPYC', 'authtype': 'Author', 'clusterid': ''}, {'name': 'Lee MS', 'authtype': 'Author', 'clusterid': ''}, {'name': 'Kopetz S', 'authtype': 'Author', 'clusterid': ''}, {'name': 'Nixon AB', 'authtype': 'Author', 'clusterid': ''}, {'name': 'Bertagnolli MM', 'authtype': 'Author', 'clusterid': ''}, {'name': 'Perou CM', 'authtype': 'Author', 'clusterid': ''}, {'name': 'Innocenti F', 'authtype': 'Author', 'clusterid': ''}]",2025 Jan 8
39779979,A novel prognostic risk model for patients with refractory/relapsed acute myeloid leukemia receiving venetoclax plus hypomethylating agents.,"[{'name': 'Shahswar R', 'authtype': 'Author', 'clusterid': ''}, {'name': 'Gabdoulline R', 'authtype': 'Author', 'clusterid': ''}, {'name': 'Krueger K', 'authtype': 'Author', 'clusterid': ''}, {'name': 'Wichmann M', 'authtype': 'Author', 'clusterid': ''}, {'name': 'Götze KS', 'authtype': 'Author', 'clusterid': ''}, {'name': 'Braitsch K', 'authtype': 'Author', 'clusterid': ''}, {'name': 'Meggendorfer M', 'authtype': 'Author', 'clusterid': ''}, {'name': 'Schmalbrock L', 'authtype': 'Author', 'clusterid': ''}, {'name': 'Bullinger L', 'authtype': 'Author', 'clusterid': ''}, {'name': 'Modemann F', 'authtype': 'Author', 'clusterid': ''}, {'name': 'Fiedler W', 'authtype': 'Author', 'clusterid': ''}, {'name': 'Krauter J', 'authtype': 'Author', 'clusterid': ''}, {'name': 'Kaun S', 'authtype': 'Author', 'clusterid': ''}, {'name': 'Rotermund S', 'authtype': 'Author', 'clusterid': ''}, {'name': 'Voß A', 'authtype': 'Author', 'clusterid': ''}, {'name': 'Behrens YL', 'authtype': 'Author', 'clusterid': ''}, {'name': 'Bergmann AK', 'authtype': 'Author', 'clusterid': ''}, {'name': 'Koller E', 'authtype': 'Author', 'clusterid': ''}, {'name': 'Beutel G', 'authtype': 'Author', 'clusterid': ''}, {'name': 'Thol F', 'authtype': 'Author', 'clusterid': ''}, {'name': 'Heidel F', 'authtype': 'Author', 'clusterid': ''}, {'name': 'Heuser M', 'authtype': 'Author', 'clusterid': ''}]",2025 Jan 8
39779964,Evaluation of clinical risk stratification to determine benefit from long-term versus short-term androgen deprivation in high-risk localized prostate cancer.,"[{'name': 'Ravi P', 'authtype': 'Author', 'clusterid': ''}, {'name': 'Xie W', 'authtype': 'Author', 'clusterid': ''}, {'name': 'Gillessen S', 'authtype': 'Author', 'clusterid': ''}, {'name': 'Tombal B', 'authtype': 'Author', 'clusterid': ''}, {'name': 'Spratt DE', 'authtype': 'Author', 'clusterid': ''}, {'name': 'Nguyen PL', 'authtype': 'Author', 'clusterid': ''}, {'name': 'Sweeney CJ', 'authtype': 'Author', 'clusterid': ''}]",2025 Jan 8
39779950,"Management, biomarkers and prognosis in people developing endocrinopathies associated with immune checkpoint inhibitors.","[{'name': 'Iwama S', 'authtype': 'Author', 'clusterid': ''}, {'name': 'Kobayashi T', 'authtype': 'Author', 'clusterid': ''}, {'name': 'Arima H', 'authtype': 'Author', 'clusterid': ''}]",2025 Jan 9
39779930,T cell malignancies after CAR T cell therapy in the DESCAR-T registry.,"[{'name': 'Dulery R', 'authtype': 'Author', 'clusterid': ''}, {'name': 'Guiraud V', 'authtype': 'Author', 'clusterid': ''}, {'name': 'Choquet S', 'authtype': 'Author', 'clusterid': ''}, {'name': 'Thieblemont C', 'authtype': 'Author', 'clusterid': ''}, {'name': 'Bachy E', 'authtype': 'Author', 'clusterid': ''}, {'name': 'Barete S', 'authtype': 'Author', 'clusterid': ''}, {'name': 'Todesco È', 'authtype': 'Author', 'clusterid': ''}, {'name': 'Arnulf B', 'authtype': 'Author', 'clusterid': ''}, {'name': 'Boissel N', 'authtype': 'Author', 'clusterid': ''}, {'name': 'Baruchel A', 'authtype': 'Author', 'clusterid': ''}, {'name': 'Bay JO', 'authtype': 'Author', 'clusterid': ''}, {'name': 'Le Gouill S', 'authtype': 'Author', 'clusterid': ''}, {'name': 'Houot R', 'authtype': 'Author', 'clusterid': ''}]",2025 Jan 8
39779928,Medical large language models are vulnerable to data-poisoning attacks.,"[{'name': 'Alber DA', 'authtype': 'Author', 'clusterid': ''}, {'name': 'Yang Z', 'authtype': 'Author', 'clusterid': ''}, {'name': 'Alyakin A', 'authtype': 'Author', 'clusterid': ''}, {'name': 'Yang E', 'authtype': 'Author', 'clusterid': ''}, {'name': 'Rai S', 'authtype': 'Author', 'clusterid': ''}, {'name': 'Valliani AA', 'authtype': 'Author', 'clusterid': ''}, {'name': 'Zhang J', 'authtype': 'Author', 'clusterid': ''}, {'name': 'Rosenbaum GR', 'authtype': 'Author', 'clusterid': ''}, {'name': 'Amend-Thomas AK', 'authtype': 'Author', 'clusterid': ''}, {'name': 'Kurland DB', 'authtype': 'Author', 'clusterid': ''}, {'name': 'Kremer CM', 'authtype': 'Author', 'clusterid': ''}, {'name': 'Eremiev A', 'authtype': 'Author', 'clusterid': ''}, {'name': 'Negash B', 'authtype': 'Author', 'clusterid': ''}, {'name': 'Wiggan DD', 'authtype': 'Author', 'clusterid': ''}, {'name': 'Nakatsuka MA', 'authtype': 'Author', 'clusterid': ''}, {'name': 'Sangwon KL', 'authtype': 'Author', 'clusterid': ''}, {'name': 'Neifert SN', 'authtype': 'Author', 'clusterid': ''}, {'name': 'Khan HA', 'authtype': 'Author', 'clusterid': ''}, {'name': 'Save AV', 'authtype': 'Author', 'clusterid': ''}, {'name': 'Palla A', 'authtype': 'Author', 'clusterid': ''}, {'name': 'Grin EA', 'authtype': 'Author', 'clusterid': ''}, {'name': 'Hedman M', 'authtype': 'Author', 'clusterid': ''}, {'name': 'Nasir-Moin M', 'authtype': 'Author', 'clusterid': ''}, {'name': 'Liu XC', 'authtype': 'Author', 'clusterid': ''}, {'name': 'Jiang LY', 'authtype': 'Author', 'clusterid': ''}, {'name': 'Mankowski MA', 'authtype': 'Author', 'clusterid': ''}, {'name': 'Segev DL', 'authtype': 'Author', 'clusterid': ''}, {'name': 'Aphinyanaphongs Y', 'authtype': 'Author', 'clusterid': ''}, {'name': 'Riina HA', 'authtype': 'Author', 'clusterid': ''}, {'name': 'Golfinos JG', 'authtype': 'Author', 'clusterid': ''}, {'name': 'Orringer DA', 'authtype': 'Author', 'clusterid': ''}, {'name': 'Kondziolka D', 'authtype': 'Author', 'clusterid': ''}, {'name': 'Oermann EK', 'authtype': 'Author', 'clusterid': ''}]",2025 Jan 8
39779914,Identification of CT based radiomic biomarkers for progression free survival in head and neck squamous cell carcinoma.,"[{'name': 'Ling X', 'authtype': 'Author', 'clusterid': ''}, {'name': 'Bazyar S', 'authtype': 'Author', 'clusterid': ''}, {'name': 'Ferris M', 'authtype': 'Author', 'clusterid': ''}, {'name': 'Molitoris J', 'authtype': 'Author', 'clusterid': ''}, {'name': 'Allor E', 'authtype': 'Author', 'clusterid': ''}, {'name': 'Thomas H', 'authtype': 'Author', 'clusterid': ''}, {'name': 'Arons D', 'authtype': 'Author', 'clusterid': ''}, {'name': 'Schumaker L', 'authtype': 'Author', 'clusterid': ''}, {'name': 'Krc R', 'authtype': 'Author', 'clusterid': ''}, {'name': 'Mendes WS', 'authtype': 'Author', 'clusterid': ''}, {'name': 'Tran PT', 'authtype': 'Author', 'clusterid': ''}, {'name': 'Sawant A', 'authtype': 'Author', 'clusterid': ''}, {'name': 'Mehra R', 'authtype': 'Author', 'clusterid': ''}, {'name': 'Gaykalova DA', 'authtype': 'Author', 'clusterid': ''}, {'name': 'Ren L', 'authtype': 'Author', 'clusterid': ''}]",2025 Jan 8
39779897,Lymphatic collection and cell isolation from mouse models for multiomic profiling.,"[{'name': 'Sabatier M', 'authtype': 'Author', 'clusterid': ''}, {'name': 'Solanki A', 'authtype': 'Author', 'clusterid': ''}, {'name': 'Thangaswamy S', 'authtype': 'Author', 'clusterid': ''}, {'name': 'Lei PJ', 'authtype': 'Author', 'clusterid': ''}, {'name': 'Zhou H', 'authtype': 'Author', 'clusterid': ''}, {'name': ""O'Melia M"", 'authtype': 'Author', 'clusterid': ''}, {'name': 'Menzel L', 'authtype': 'Author', 'clusterid': ''}, {'name': 'Mitri S', 'authtype': 'Author', 'clusterid': ''}, {'name': 'Ubellacker JM', 'authtype': 'Author', 'clusterid': ''}]",2025 Jan 8
39779892,hsa_circ_0008305 facilitates the malignant progression of hepatocellular carcinoma by regulating AKR1C3 expression and sponging miR-379-5p.,"[{'name': 'Huang S', 'authtype': 'Author', 'clusterid': ''}, {'name': 'Liu K', 'authtype': 'Author', 'clusterid': ''}, {'name': 'Xu Y', 'authtype': 'Author', 'clusterid': ''}, {'name': 'Wang H', 'authtype': 'Author', 'clusterid': ''}, {'name': 'Fu S', 'authtype': 'Author', 'clusterid': ''}, {'name': 'Wu J', 'authtype': 'Author', 'clusterid': ''}]",2025 Jan 8
39779891,Longitudinal genomic profiling using liquid biopsies in metastatic nonsquamous NSCLC following first line immunotherapy.,"[{'name': 'Ding H', 'authtype': 'Author', 'clusterid': ''}, {'name': 'Yuan M', 'authtype': 'Author', 'clusterid': ''}, {'name': 'Yang Y', 'authtype': 'Author', 'clusterid': ''}, {'name': 'Xu XS', 'authtype': 'Author', 'clusterid': ''}]",2025 Jan 8
39779878,Enterobactin inhibits microbiota-dependent activation of AhR to promote bacterial sepsis in mice.,"[{'name': 'Keskey RC', 'authtype': 'Author', 'clusterid': ''}, {'name': 'Xiao J', 'authtype': 'Author', 'clusterid': ''}, {'name': 'Hyoju S', 'authtype': 'Author', 'clusterid': ''}, {'name': 'Lam A', 'authtype': 'Author', 'clusterid': ''}, {'name': 'Kim D', 'authtype': 'Author', 'clusterid': ''}, {'name': 'Sidebottom AM', 'authtype': 'Author', 'clusterid': ''}, {'name': 'Zaborin A', 'authtype': 'Author', 'clusterid': ''}, {'name': 'Dijkstra A', 'authtype': 'Author', 'clusterid': ''}, {'name': 'Meltzer R', 'authtype': 'Author', 'clusterid': ''}, {'name': 'Thakur A', 'authtype': 'Author', 'clusterid': ''}, {'name': 'Zhang K', 'authtype': 'Author', 'clusterid': ''}, {'name': 'Chen HJ', 'authtype': 'Author', 'clusterid': ''}, {'name': 'Beloborodova NV', 'authtype': 'Author', 'clusterid': ''}, {'name': 'Pautova AK', 'authtype': 'Author', 'clusterid': ''}, {'name': 'Wolfe K', 'authtype': 'Author', 'clusterid': ''}, {'name': 'Patel B', 'authtype': 'Author', 'clusterid': ''}, {'name': 'Thewissen R', 'authtype': 'Author', 'clusterid': ''}, {'name': 'Zaborina O', 'authtype': 'Author', 'clusterid': ''}, {'name': 'Alverdy JC', 'authtype': 'Author', 'clusterid': ''}]",2025 Jan 8
39779871,A multi-kinase inhibitor screen identifies inhibitors preserving stem-cell-like chimeric antigen receptor T cells.,"[{'name': 'Song F', 'authtype': 'Author', 'clusterid': ''}, {'name': 'Tsahouridis O', 'authtype': 'Author', 'clusterid': ''}, {'name': 'Stucchi S', 'authtype': 'Author', 'clusterid': ''}, {'name': 'Walhart T', 'authtype': 'Author', 'clusterid': ''}, {'name': 'Mendell S', 'authtype': 'Author', 'clusterid': ''}, {'name': 'Hardy PB', 'authtype': 'Author', 'clusterid': ''}, {'name': 'Axtman M', 'authtype': 'Author', 'clusterid': ''}, {'name': 'Guduru SKR', 'authtype': 'Author', 'clusterid': ''}, {'name': 'Gilbert TSK', 'authtype': 'Author', 'clusterid': ''}, {'name': 'Graves LM', 'authtype': 'Author', 'clusterid': ''}, {'name': 'Herring LE', 'authtype': 'Author', 'clusterid': ''}, {'name': 'Savoldo B', 'authtype': 'Author', 'clusterid': ''}, {'name': 'Ma X', 'authtype': 'Author', 'clusterid': ''}, {'name': 'Woodcock M', 'authtype': 'Author', 'clusterid': ''}, {'name': 'Milner JJ', 'authtype': 'Author', 'clusterid': ''}, {'name': 'Ivanova A', 'authtype': 'Author', 'clusterid': ''}, {'name': 'Pearce KH', 'authtype': 'Author', 'clusterid': ''}, {'name': 'Xu Y', 'authtype': 'Author', 'clusterid': ''}, {'name': 'Dotti G', 'authtype': 'Author', 'clusterid': ''}]",2025 Jan 8
39779860,The sequence-structure-function relationship of intrinsic ERα disorder.,"[{'name': 'Du Z', 'authtype': 'Author', 'clusterid': ''}, {'name': 'Wang H', 'authtype': 'Author', 'clusterid': ''}, {'name': 'Luo S', 'authtype': 'Author', 'clusterid': ''}, {'name': 'Yun Z', 'authtype': 'Author', 'clusterid': ''}, {'name': 'Wu C', 'authtype': 'Author', 'clusterid': ''}, {'name': 'Yang W', 'authtype': 'Author', 'clusterid': ''}, {'name': 'Buck M', 'authtype': 'Author', 'clusterid': ''}, {'name': 'Zheng W', 'authtype': 'Author', 'clusterid': ''}, {'name': 'Hansen AL', 'authtype': 'Author', 'clusterid': ''}, {'name': 'Kao HY', 'authtype': 'Author', 'clusterid': ''}, {'name': 'Yang S', 'authtype': 'Author', 'clusterid': ''}]",2025 Jan 8
39779857,Functional evaluation and clinical classification of BRCA2 variants.,"[{'name': 'Huang H', 'authtype': 'Author', 'clusterid': ''}, {'name': 'Hu C', 'authtype': 'Author', 'clusterid': ''}, {'name': 'Na J', 'authtype': 'Author', 'clusterid': ''}, {'name': 'Hart SN', 'authtype': 'Author', 'clusterid': ''}, {'name': 'Gnanaolivu RD', 'authtype': 'Author', 'clusterid': ''}, {'name': 'Abozaid M', 'authtype': 'Author', 'clusterid': ''}, {'name': 'Rao T', 'authtype': 'Author', 'clusterid': ''}, {'name': 'Tecleab YA', 'authtype': 'Author', 'clusterid': ''}, {'name': 'CARRIERS Consortium', 'authtype': 'CollectiveName', 'clusterid': ''}, {'name': 'Pesaran T', 'authtype': 'Author', 'clusterid': ''}, {'name': 'Lyra PCM', 'authtype': 'Author', 'clusterid': ''}, {'name': 'Karam R', 'authtype': 'Author', 'clusterid': ''}, {'name': 'Yadav S', 'authtype': 'Author', 'clusterid': ''}, {'name': 'Nathanson KL', 'authtype': 'Author', 'clusterid': ''}, {'name': 'Domchek SM', 'authtype': 'Author', 'clusterid': ''}, {'name': 'de la Hoya M', 'authtype': 'Author', 'clusterid': ''}, {'name': 'Robson M', 'authtype': 'Author', 'clusterid': ''}, {'name': 'Mehine M', 'authtype': 'Author', 'clusterid': ''}, {'name': 'Bandlamudi C', 'authtype': 'Author', 'clusterid': ''}, {'name': 'Mandelker D', 'authtype': 'Author', 'clusterid': ''}, {'name': 'Monteiro ANA', 'authtype': 'Author', 'clusterid': ''}, {'name': 'Iversen ES', 'authtype': 'Author', 'clusterid': ''}, {'name': 'Boddicker N', 'authtype': 'Author', 'clusterid': ''}, {'name': 'Chen W', 'authtype': 'Author', 'clusterid': ''}, {'name': 'Richardson ME', 'authtype': 'Author', 'clusterid': ''}, {'name': 'Couch FJ', 'authtype': 'Author', 'clusterid': ''}]",2025 Jan 8
39779851,A vision-language foundation model for precision oncology.,"[{'name': 'Xiang J', 'authtype': 'Author', 'clusterid': ''}, {'name': 'Wang X', 'authtype': 'Author', 'clusterid': ''}, {'name': 'Zhang X', 'authtype': 'Author', 'clusterid': ''}, {'name': 'Xi Y', 'authtype': 'Author', 'clusterid': ''}, {'name': 'Eweje F', 'authtype': 'Author', 'clusterid': ''}, {'name': 'Chen Y', 'authtype': 'Author', 'clusterid': ''}, {'name': 'Li Y', 'authtype': 'Author', 'clusterid': ''}, {'name': 'Bergstrom C', 'authtype': 'Author', 'clusterid': ''}, {'name': 'Gopaulchan M', 'authtype': 'Author', 'clusterid': ''}, {'name': 'Kim T', 'authtype': 'Author', 'clusterid': ''}, {'name': 'Yu KH', 'authtype': 'Author', 'clusterid': ''}, {'name': 'Willens S', 'authtype': 'Author', 'clusterid': ''}, {'name': 'Olguin FM', 'authtype': 'Author', 'clusterid': ''}, {'name': 'Nirschl JJ', 'authtype': 'Author', 'clusterid': ''}, {'name': 'Neal J', 'authtype': 'Author', 'clusterid': ''}, {'name': 'Diehn M', 'authtype': 'Author', 'clusterid': ''}, {'name': 'Yang S', 'authtype': 'Author', 'clusterid': ''}, {'name': 'Li R', 'authtype': 'Author', 'clusterid': ''}]",2025 Jan 8
39779850,Complex rearrangements fuel ER(+) and HER2(+) breast tumours.,"[{'name': 'Houlahan KE', 'authtype': 'Author', 'clusterid': ''}, {'name': 'Mangiante L', 'authtype': 'Author', 'clusterid': ''}, {'name': 'Sotomayor-Vivas C', 'authtype': 'Author', 'clusterid': ''}, {'name': 'Adimoelja A', 'authtype': 'Author', 'clusterid': ''}, {'name': 'Park S', 'authtype': 'Author', 'clusterid': ''}, {'name': 'Khan A', 'authtype': 'Author', 'clusterid': ''}, {'name': 'Pribus SJ', 'authtype': 'Author', 'clusterid': ''}, {'name': 'Ma Z', 'authtype': 'Author', 'clusterid': ''}, {'name': 'Caswell-Jin JL', 'authtype': 'Author', 'clusterid': ''}, {'name': 'Curtis C', 'authtype': 'Author', 'clusterid': ''}]",2025 Jan 8
39779846,Molecular and cellular dynamics of the developing human neocortex.,"[{'name': 'Wang L', 'authtype': 'Author', 'clusterid': ''}, {'name': 'Wang C', 'authtype': 'Author', 'clusterid': ''}, {'name': 'Moriano JA', 'authtype': 'Author', 'clusterid': ''}, {'name': 'Chen S', 'authtype': 'Author', 'clusterid': ''}, {'name': 'Zuo G', 'authtype': 'Author', 'clusterid': ''}, {'name': 'Cebrián-Silla A', 'authtype': 'Author', 'clusterid': ''}, {'name': 'Zhang S', 'authtype': 'Author', 'clusterid': ''}, {'name': 'Mukhtar T', 'authtype': 'Author', 'clusterid': ''}, {'name': 'Wang S', 'authtype': 'Author', 'clusterid': ''}, {'name': 'Song M', 'authtype': 'Author', 'clusterid': ''}, {'name': 'de Oliveira LG', 'authtype': 'Author', 'clusterid': ''}, {'name': 'Bi Q', 'authtype': 'Author', 'clusterid': ''}, {'name': 'Augustin JJ', 'authtype': 'Author', 'clusterid': ''}, {'name': 'Ge X', 'authtype': 'Author', 'clusterid': ''}, {'name': 'Paredes MF', 'authtype': 'Author', 'clusterid': ''}, {'name': 'Huang EJ', 'authtype': 'Author', 'clusterid': ''}, {'name': 'Alvarez-Buylla A', 'authtype': 'Author', 'clusterid': ''}, {'name': 'Duan X', 'authtype': 'Author', 'clusterid': ''}, {'name': 'Li J', 'authtype': 'Author', 'clusterid': ''}, {'name': 'Kriegstein AR', 'authtype': 'Author', 'clusterid': ''}]",2025 Jan 8
39779840,Novel metabolic prognostic score for predicting survival in patients with cancer.,"[{'name': 'Shi J', 'authtype': 'Author', 'clusterid': ''}, {'name': 'Liu C', 'authtype': 'Author', 'clusterid': ''}, {'name': 'Zheng X', 'authtype': 'Author', 'clusterid': ''}, {'name': 'Chen Y', 'authtype': 'Author', 'clusterid': ''}, {'name': 'Zhang H', 'authtype': 'Author', 'clusterid': ''}, {'name': 'Liu T', 'authtype': 'Author', 'clusterid': ''}, {'name': 'Zhang Q', 'authtype': 'Author', 'clusterid': ''}, {'name': 'Deng L', 'authtype': 'Author', 'clusterid': ''}, {'name': 'Shi H', 'authtype': 'Author', 'clusterid': ''}]",2025 Jan 8
39779820,"Erythema nodosum, malignant melanoma and non-melanoma skin cancer in relation to inflammatory bowel disease: a Mendelian randomization study.","[{'name': 'Zhao Y', 'authtype': 'Author', 'clusterid': ''}, {'name': 'Shao Y', 'authtype': 'Author', 'clusterid': ''}, {'name': 'Zhou J', 'authtype': 'Author', 'clusterid': ''}, {'name': 'Pei J', 'authtype': 'Author', 'clusterid': ''}, {'name': 'Chong J', 'authtype': 'Author', 'clusterid': ''}, {'name': 'Lu C', 'authtype': 'Author', 'clusterid': ''}, {'name': 'Chen Y', 'authtype': 'Author', 'clusterid': ''}]",2025 Jan 8
39779812,The non-nutritive sweetener rebaudioside a enhances phage infectivity.,"[{'name': 'Marongiu L', 'authtype': 'Author', 'clusterid': ''}, {'name': 'Brzozowska E', 'authtype': 'Author', 'clusterid': ''}, {'name': 'Brykała J', 'authtype': 'Author', 'clusterid': ''}, {'name': 'Burkard M', 'authtype': 'Author', 'clusterid': ''}, {'name': 'Schmidt H', 'authtype': 'Author', 'clusterid': ''}, {'name': 'Szermer-Olearnik B', 'authtype': 'Author', 'clusterid': ''}, {'name': 'Venturelli S', 'authtype': 'Author', 'clusterid': ''}]",2025 Jan 8
39779797,Quality of life in early breast cancer patients after adjuvant accelerated partial-breast irradiation (APBI) in randomized trial.,"[{'name': 'Burkon P', 'authtype': 'Author', 'clusterid': ''}, {'name': 'Selingerova I', 'authtype': 'Author', 'clusterid': ''}, {'name': 'Vrzal M', 'authtype': 'Author', 'clusterid': ''}, {'name': 'Holanek M', 'authtype': 'Author', 'clusterid': ''}, {'name': 'Coufal O', 'authtype': 'Author', 'clusterid': ''}, {'name': 'Polachova K', 'authtype': 'Author', 'clusterid': ''}, {'name': 'Andraskova V', 'authtype': 'Author', 'clusterid': ''}, {'name': 'Jhawar SR', 'authtype': 'Author', 'clusterid': ''}, {'name': 'Slampa P', 'authtype': 'Author', 'clusterid': ''}, {'name': 'Kazda T', 'authtype': 'Author', 'clusterid': ''}, {'name': 'Slavik M', 'authtype': 'Author', 'clusterid': ''}]",2025 Jan 9
39779772,Boosting skin cancer diagnosis accuracy with ensemble approach.,"[{'name': 'Natha P', 'authtype': 'Author', 'clusterid': ''}, {'name': 'Tera SP', 'authtype': 'Author', 'clusterid': ''}, {'name': 'Chinthaginjala R', 'authtype': 'Author', 'clusterid': ''}, {'name': 'Rab SO', 'authtype': 'Author', 'clusterid': ''}, {'name': 'Narasimhulu CV', 'authtype': 'Author', 'clusterid': ''}, {'name': 'Kim TH', 'authtype': 'Author', 'clusterid': ''}]",2025 Jan 8
39779756,"Economic burden of breast cancer in India, 2000-2021 and forecast to 2030.","[{'name': 'Pillai RN', 'authtype': 'Author', 'clusterid': ''}, {'name': 'Alex A', 'authtype': 'Author', 'clusterid': ''}, {'name': 'M S N', 'authtype': 'Author', 'clusterid': ''}, {'name': 'Verma V', 'authtype': 'Author', 'clusterid': ''}, {'name': 'Shaji A', 'authtype': 'Author', 'clusterid': ''}, {'name': 'Pavithran K', 'authtype': 'Author', 'clusterid': ''}, {'name': 'Vijaykumar DK', 'authtype': 'Author', 'clusterid': ''}, {'name': 'John D', 'authtype': 'Author', 'clusterid': ''}]",2025 Jan 8
39779747,Biochar filtration of drug-resistant bacteria and active pharmaceutical ingredients to combat antimicrobial resistance.,"[{'name': 'Fady PE', 'authtype': 'Author', 'clusterid': ''}, {'name': 'Richardson AK', 'authtype': 'Author', 'clusterid': ''}, {'name': 'Barron LP', 'authtype': 'Author', 'clusterid': ''}, {'name': 'Mason AJ', 'authtype': 'Author', 'clusterid': ''}, {'name': 'Volpe R', 'authtype': 'Author', 'clusterid': ''}, {'name': 'Barr MR', 'authtype': 'Author', 'clusterid': ''}]",2025 Jan 8
39779746,Identifying ADME-related gene signature for immune landscape and prognosis in KIRC by single-cell and spatial transcriptome analysis.,"[{'name': 'Wang H', 'authtype': 'Author', 'clusterid': ''}, {'name': 'Li F', 'authtype': 'Author', 'clusterid': ''}, {'name': 'Wang Q', 'authtype': 'Author', 'clusterid': ''}, {'name': 'Guo X', 'authtype': 'Author', 'clusterid': ''}, {'name': 'Chen X', 'authtype': 'Author', 'clusterid': ''}, {'name': 'Zou X', 'authtype': 'Author', 'clusterid': ''}, {'name': 'Yuan J', 'authtype': 'Author', 'clusterid': ''}]",2025 Jan 8
39779738,Microglia depletion reduces neurodegeneration and remodels extracellular matrix in a mouse Parkinson's disease model triggered by α-synuclein overexpression.,"[{'name': 'Zhang Z', 'authtype': 'Author', 'clusterid': ''}, {'name': 'Niu K', 'authtype': 'Author', 'clusterid': ''}, {'name': 'Huang T', 'authtype': 'Author', 'clusterid': ''}, {'name': 'Guo J', 'authtype': 'Author', 'clusterid': ''}, {'name': 'Xarbat G', 'authtype': 'Author', 'clusterid': ''}, {'name': 'Gong X', 'authtype': 'Author', 'clusterid': ''}, {'name': 'Gao Y', 'authtype': 'Author', 'clusterid': ''}, {'name': 'Liu F', 'authtype': 'Author', 'clusterid': ''}, {'name': 'Cheng S', 'authtype': 'Author', 'clusterid': ''}, {'name': 'Su W', 'authtype': 'Author', 'clusterid': ''}, {'name': 'Yang F', 'authtype': 'Author', 'clusterid': ''}, {'name': 'Liu Z', 'authtype': 'Author', 'clusterid': ''}, {'name': 'Ginhoux F', 'authtype': 'Author', 'clusterid': ''}, {'name': 'Zhang T', 'authtype': 'Author', 'clusterid': ''}]",2025 Jan 9
39779727,Multimodal cell-free DNA whole-genome TAPS is sensitive and reveals specific cancer signals.,"[{'name': 'Vavoulis DV', 'authtype': 'Author', 'clusterid': ''}, {'name': 'Cutts A', 'authtype': 'Author', 'clusterid': ''}, {'name': 'Thota N', 'authtype': 'Author', 'clusterid': ''}, {'name': 'Brown J', 'authtype': 'Author', 'clusterid': ''}, {'name': 'Sugar R', 'authtype': 'Author', 'clusterid': ''}, {'name': 'Rueda A', 'authtype': 'Author', 'clusterid': ''}, {'name': 'Ardalan A', 'authtype': 'Author', 'clusterid': ''}, {'name': 'Howard K', 'authtype': 'Author', 'clusterid': ''}, {'name': 'Matos Santo F', 'authtype': 'Author', 'clusterid': ''}, {'name': 'Sannasiddappa T', 'authtype': 'Author', 'clusterid': ''}, {'name': 'Miller B', 'authtype': 'Author', 'clusterid': ''}, {'name': 'Ash S', 'authtype': 'Author', 'clusterid': ''}, {'name': 'Liu Y', 'authtype': 'Author', 'clusterid': ''}, {'name': 'Song CX', 'authtype': 'Author', 'clusterid': ''}, {'name': 'Nicholson BD', 'authtype': 'Author', 'clusterid': ''}, {'name': 'Dreau H', 'authtype': 'Author', 'clusterid': ''}, {'name': 'Tregidgo C', 'authtype': 'Author', 'clusterid': ''}, {'name': 'Schuh A', 'authtype': 'Author', 'clusterid': ''}]",2025 Jan 8
39779715,PTMNavigator: interactive visualization of differentially regulated post-translational modifications in cellular signaling pathways.,"[{'name': 'Müller J', 'authtype': 'Author', 'clusterid': ''}, {'name': 'Bayer FP', 'authtype': 'Author', 'clusterid': ''}, {'name': 'Wilhelm M', 'authtype': 'Author', 'clusterid': ''}, {'name': 'Schuh MG', 'authtype': 'Author', 'clusterid': ''}, {'name': 'Kuster B', 'authtype': 'Author', 'clusterid': ''}, {'name': 'The M', 'authtype': 'Author', 'clusterid': ''}]",2025 Jan 8
39779698,KLF5 loss sensitizes cells to ATR inhibition and is synthetic lethal with ARID1A deficiency.,"[{'name': 'Awwad SW', 'authtype': 'Author', 'clusterid': ''}, {'name': 'Doyle C', 'authtype': 'Author', 'clusterid': ''}, {'name': 'Coulthard J', 'authtype': 'Author', 'clusterid': ''}, {'name': 'Bader AS', 'authtype': 'Author', 'clusterid': ''}, {'name': 'Gueorguieva N', 'authtype': 'Author', 'clusterid': ''}, {'name': 'Lam S', 'authtype': 'Author', 'clusterid': ''}, {'name': 'Gupta V', 'authtype': 'Author', 'clusterid': ''}, {'name': 'Belotserkovskaya R', 'authtype': 'Author', 'clusterid': ''}, {'name': 'Tran TA', 'authtype': 'Author', 'clusterid': ''}, {'name': 'Balasubramanian S', 'authtype': 'Author', 'clusterid': ''}, {'name': 'Jackson SP', 'authtype': 'Author', 'clusterid': ''}]",2025 Jan 8
39779693,Pan-inhibition of super-enhancer-driven oncogenic transcription by next-generation synthetic ecteinascidins yields potent anti-cancer activity.,"[{'name': 'Cigrang M', 'authtype': 'Author', 'clusterid': ''}, {'name': 'Obid J', 'authtype': 'Author', 'clusterid': ''}, {'name': 'Nogaret M', 'authtype': 'Author', 'clusterid': ''}, {'name': 'Seno L', 'authtype': 'Author', 'clusterid': ''}, {'name': 'Ye T', 'authtype': 'Author', 'clusterid': ''}, {'name': 'Davidson G', 'authtype': 'Author', 'clusterid': ''}, {'name': 'Catez P', 'authtype': 'Author', 'clusterid': ''}, {'name': 'Berico P', 'authtype': 'Author', 'clusterid': ''}, {'name': 'Capelli C', 'authtype': 'Author', 'clusterid': ''}, {'name': 'Marechal C', 'authtype': 'Author', 'clusterid': ''}, {'name': 'Zachayus A', 'authtype': 'Author', 'clusterid': ''}, {'name': 'Elly C', 'authtype': 'Author', 'clusterid': ''}, {'name': 'Guillen Navarro MJ', 'authtype': 'Author', 'clusterid': ''}, {'name': 'Martinez Diez M', 'authtype': 'Author', 'clusterid': ''}, {'name': 'Santamaria Nunez G', 'authtype': 'Author', 'clusterid': ''}, {'name': 'Li TK', 'authtype': 'Author', 'clusterid': ''}, {'name': 'Compe E', 'authtype': 'Author', 'clusterid': ''}, {'name': 'Avilés P', 'authtype': 'Author', 'clusterid': ''}, {'name': 'Davidson I', 'authtype': 'Author', 'clusterid': ''}, {'name': 'Egly JM', 'authtype': 'Author', 'clusterid': ''}, {'name': 'Cuevas C', 'authtype': 'Author', 'clusterid': ''}, {'name': 'Coin F', 'authtype': 'Author', 'clusterid': ''}]",2025 Jan 8
39779686,Integrating gene therapy into the treatment paradigm for non-muscle invasive bladder cancer.,"[{'name': 'Steinmetz AR', 'authtype': 'Author', 'clusterid': ''}, {'name': 'Jazayeri B', 'authtype': 'Author', 'clusterid': ''}, {'name': 'Pierce M', 'authtype': 'Author', 'clusterid': ''}, {'name': 'Mokkapati S', 'authtype': 'Author', 'clusterid': ''}, {'name': 'McConkey D', 'authtype': 'Author', 'clusterid': ''}, {'name': 'Li R', 'authtype': 'Author', 'clusterid': ''}, {'name': 'Dinney CP', 'authtype': 'Author', 'clusterid': ''}]",2025 Jan 8
39779675,Predicting cell morphological responses to perturbations using generative modeling.,"[{'name': 'Palma A', 'authtype': 'Author', 'clusterid': ''}, {'name': 'Theis FJ', 'authtype': 'Author', 'clusterid': ''}, {'name': 'Lotfollahi M', 'authtype': 'Author', 'clusterid': ''}]",2025 Jan 8
39779672,YAP-driven malignant reprogramming of oral epithelial stem cells at single cell resolution.,"[{'name': 'Faraji F', 'authtype': 'Author', 'clusterid': ''}, {'name': 'Ramirez SI', 'authtype': 'Author', 'clusterid': ''}, {'name': 'Clubb LM', 'authtype': 'Author', 'clusterid': ''}, {'name': 'Sato K', 'authtype': 'Author', 'clusterid': ''}, {'name': 'Burghi V', 'authtype': 'Author', 'clusterid': ''}, {'name': 'Hoang TS', 'authtype': 'Author', 'clusterid': ''}, {'name': 'Officer A', 'authtype': 'Author', 'clusterid': ''}, {'name': 'Anguiano Quiroz PY', 'authtype': 'Author', 'clusterid': ''}, {'name': 'Galloway WMG', 'authtype': 'Author', 'clusterid': ''}, {'name': 'Mikulski Z', 'authtype': 'Author', 'clusterid': ''}, {'name': 'Medetgul-Ernar K', 'authtype': 'Author', 'clusterid': ''}, {'name': 'Marangoni P', 'authtype': 'Author', 'clusterid': ''}, {'name': 'Jones KB', 'authtype': 'Author', 'clusterid': ''}, {'name': 'Cao Y', 'authtype': 'Author', 'clusterid': ''}, {'name': 'Molinolo AA', 'authtype': 'Author', 'clusterid': ''}, {'name': 'Kim K', 'authtype': 'Author', 'clusterid': ''}, {'name': 'Sakaguchi K', 'authtype': 'Author', 'clusterid': ''}, {'name': 'Califano JA 3rd', 'authtype': 'Author', 'clusterid': ''}, {'name': 'Smith Q', 'authtype': 'Author', 'clusterid': ''}, {'name': 'Goren A', 'authtype': 'Author', 'clusterid': ''}, {'name': 'Klein OD', 'authtype': 'Author', 'clusterid': ''}, {'name': 'Tamayo P', 'authtype': 'Author', 'clusterid': ''}, {'name': 'Gutkind JS', 'authtype': 'Author', 'clusterid': ''}]",2025 Jan 8
39779664,CCR5-ligand decorated rilpivirine lipid-based nanoparticles for sustained antiretroviral responses.,"[{'name': 'Patel M', 'authtype': 'Author', 'clusterid': ''}, {'name': 'Panja S', 'authtype': 'Author', 'clusterid': ''}, {'name': 'Zaman LA', 'authtype': 'Author', 'clusterid': ''}, {'name': 'Yeapuri P', 'authtype': 'Author', 'clusterid': ''}, {'name': 'Bhattarai S', 'authtype': 'Author', 'clusterid': ''}, {'name': 'Gorantla S', 'authtype': 'Author', 'clusterid': ''}, {'name': 'Chang L', 'authtype': 'Author', 'clusterid': ''}, {'name': 'Heredia A', 'authtype': 'Author', 'clusterid': ''}, {'name': 'Walczak P', 'authtype': 'Author', 'clusterid': ''}, {'name': 'Hanson B', 'authtype': 'Author', 'clusterid': ''}, {'name': 'Cohen SM', 'authtype': 'Author', 'clusterid': ''}, {'name': 'Kevadiya BD', 'authtype': 'Author', 'clusterid': ''}, {'name': 'Gendelman HE', 'authtype': 'Author', 'clusterid': ''}]",2025 Jan 8
39779648,Impact of declared wildfire disasters on survival of lung cancer patients undergoing radiation.,"[{'name': 'Lichter KE', 'authtype': 'Author', 'clusterid': ''}, {'name': 'Larson B', 'authtype': 'Author', 'clusterid': ''}, {'name': 'Pagadala M', 'authtype': 'Author', 'clusterid': ''}, {'name': 'Mohamad O', 'authtype': 'Author', 'clusterid': ''}, {'name': 'Nogueira L', 'authtype': 'Author', 'clusterid': ''}]",2025 Jan 9
39779635,Dual targeting of HSP90 and BCL-2 in breast cancer cells using inhibitors BIIB021 and ABT-263.,"[{'name': 'Gökşen Tosun N', 'authtype': 'Author', 'clusterid': ''}, {'name': 'Kaplan Ö', 'authtype': 'Author', 'clusterid': ''}]",2025 Jan 9
39779634,Comparison of survival between unilateral and bilateral breast cancers using propensity score matching: a retrospective single-center analysis.,"[{'name': 'Ozler T', 'authtype': 'Author', 'clusterid': ''}, {'name': 'Cosar R', 'authtype': 'Author', 'clusterid': ''}, {'name': 'Sut N', 'authtype': 'Author', 'clusterid': ''}, {'name': 'Nurlu D', 'authtype': 'Author', 'clusterid': ''}, {'name': 'Parlar Ş', 'authtype': 'Author', 'clusterid': ''}, {'name': 'Ateş S', 'authtype': 'Author', 'clusterid': ''}, {'name': 'Dertli MH', 'authtype': 'Author', 'clusterid': ''}, {'name': 'Kavuzlu Y', 'authtype': 'Author', 'clusterid': ''}, {'name': 'Kavukcu S', 'authtype': 'Author', 'clusterid': ''}, {'name': 'Chousein M', 'authtype': 'Author', 'clusterid': ''}, {'name': 'Yıldız G', 'authtype': 'Author', 'clusterid': ''}, {'name': 'Tunçbilek N', 'authtype': 'Author', 'clusterid': ''}, {'name': 'Hacıoglu MB', 'authtype': 'Author', 'clusterid': ''}, {'name': 'Tastekin E', 'authtype': 'Author', 'clusterid': ''}, {'name': 'Topaloğlu S', 'authtype': 'Author', 'clusterid': ''}]",2025 Jan 9
39779619,Angelica gigas Nakai (Korean Dang-gui) Root Alcoholic Extracts in Health Promotion and Disease Therapy - active Phytochemicals and In Vivo Molecular Targets.,"[{'name': 'Lü J', 'authtype': 'Author', 'clusterid': ''}, {'name': 'Jiang C', 'authtype': 'Author', 'clusterid': ''}, {'name': 'Drabick JJ', 'authtype': 'Author', 'clusterid': ''}, {'name': 'Joshi M', 'authtype': 'Author', 'clusterid': ''}, {'name': 'Perimbeti S', 'authtype': 'Author', 'clusterid': ''}]",2025 Jan 8
39779616,Cardiotoxicity as important differential diagnosis for reduced myocardial blood flow during Rubidium cardiac PET/CT : Cardiotoxicity in Rubidium PET/CT.,"[{'name': 'Pop SG', 'authtype': 'Author', 'clusterid': ''}, {'name': 'Hägler E', 'authtype': 'Author', 'clusterid': ''}, {'name': 'Popescu C', 'authtype': 'Author', 'clusterid': ''}, {'name': 'Burger IA', 'authtype': 'Author', 'clusterid': ''}, {'name': 'Sauter AW', 'authtype': 'Author', 'clusterid': ''}]",2025 Jan 8
39779614,Astemizole Exacerbates 5-Fluorouracil-Triggered Cardiotoxicity by Enhancing Ptgs2.,"[{'name': 'Xie M', 'authtype': 'Author', 'clusterid': ''}, {'name': 'Jiang P', 'authtype': 'Author', 'clusterid': ''}, {'name': 'Yang X', 'authtype': 'Author', 'clusterid': ''}, {'name': 'Sun D', 'authtype': 'Author', 'clusterid': ''}, {'name': 'Zhu B', 'authtype': 'Author', 'clusterid': ''}, {'name': 'Zhu X', 'authtype': 'Author', 'clusterid': ''}, {'name': 'Ding S', 'authtype': 'Author', 'clusterid': ''}, {'name': 'Gao J', 'authtype': 'Author', 'clusterid': ''}, {'name': 'Yang X', 'authtype': 'Author', 'clusterid': ''}, {'name': 'Shi H', 'authtype': 'Author', 'clusterid': ''}]",2025 Jan 8
39779613,Targeting protein synthesis pathways in MYC-amplified medulloblastoma.,"[{'name': 'Kumar D', 'authtype': 'Author', 'clusterid': ''}, {'name': 'Kanchan R', 'authtype': 'Author', 'clusterid': ''}, {'name': 'Chaturvedi NK', 'authtype': 'Author', 'clusterid': ''}]",2025 Jan 8
39779611,Treatment outcomes and prognostic factors in patients with colorectal cancer and synchronous lung metastases in the conversion therapy era.,"[{'name': 'Nozawa H', 'authtype': 'Author', 'clusterid': ''}, {'name': 'Suzuki N', 'authtype': 'Author', 'clusterid': ''}, {'name': 'Tsushima T', 'authtype': 'Author', 'clusterid': ''}, {'name': 'Murono K', 'authtype': 'Author', 'clusterid': ''}, {'name': 'Sasaki K', 'authtype': 'Author', 'clusterid': ''}, {'name': 'Emoto S', 'authtype': 'Author', 'clusterid': ''}, {'name': 'Fujishiro M', 'authtype': 'Author', 'clusterid': ''}, {'name': 'Sato M', 'authtype': 'Author', 'clusterid': ''}, {'name': 'Ishihara S', 'authtype': 'Author', 'clusterid': ''}]",2025 Jan 9
39779600,Analysis of mRNA Pentatricopeptide Repeat Domain 1 as a prospective oncogene in clear cell renal cell carcinoma that accelerates tumor cells proliferation and invasion via the Akt/GSK3β/β-catenin pathway.,"[{'name': 'Zhou Z', 'authtype': 'Author', 'clusterid': ''}, {'name': 'Li Y', 'authtype': 'Author', 'clusterid': ''}, {'name': 'Chai Y', 'authtype': 'Author', 'clusterid': ''}, {'name': 'Zhang Y', 'authtype': 'Author', 'clusterid': ''}, {'name': 'Yan P', 'authtype': 'Author', 'clusterid': ''}]",2025 Jan 8
39779586,From Endoscopic Inspection to Gene-Expression: A Thorough Assessment of the Duodenal Mucosa After Resurfacing-A Prospective Study.,"[{'name': 'Meiring S', 'authtype': 'Author', 'clusterid': ''}, {'name': 'Aydin Ö', 'authtype': 'Author', 'clusterid': ''}, {'name': 'van Baar ACG', 'authtype': 'Author', 'clusterid': ''}, {'name': 'van der Vossen EWJ', 'authtype': 'Author', 'clusterid': ''}, {'name': 'Rampanelli E', 'authtype': 'Author', 'clusterid': ''}, {'name': 'van Grieken NCT', 'authtype': 'Author', 'clusterid': ''}, {'name': 'Holleman F', 'authtype': 'Author', 'clusterid': ''}, {'name': 'Nieuwdorp M', 'authtype': 'Author', 'clusterid': ''}, {'name': 'Bergman JJGHM', 'authtype': 'Author', 'clusterid': ''}]",2025 Jan 8
39779579,Identification of a Novel Immune-Gene Signature with Prognostic Value in Patients with Head and Neck Cancer: A Pilot Study.,"[{'name': 'Batsaki P', 'authtype': 'Author', 'clusterid': ''}, {'name': 'Fortis SP', 'authtype': 'Author', 'clusterid': ''}, {'name': 'Gritzapis AD', 'authtype': 'Author', 'clusterid': ''}, {'name': 'Razou A', 'authtype': 'Author', 'clusterid': ''}, {'name': 'Sakellaridis AC', 'authtype': 'Author', 'clusterid': ''}, {'name': 'Grouzi E', 'authtype': 'Author', 'clusterid': ''}, {'name': 'Moschandreou D', 'authtype': 'Author', 'clusterid': ''}, {'name': 'Koukourakis MI', 'authtype': 'Author', 'clusterid': ''}, {'name': 'Zoumpourlis V', 'authtype': 'Author', 'clusterid': ''}, {'name': 'Baxevanis CN', 'authtype': 'Author', 'clusterid': ''}, {'name': 'Goulielmaki M', 'authtype': 'Author', 'clusterid': ''}]",2025 Jan 8
39779575,The COX-2 Inhibitor Celecoxib Sensitizes Nasopharyngeal Carcinoma Cells to Ferroptosis.,"[{'name': 'Li D', 'authtype': 'Author', 'clusterid': ''}, {'name': 'Guo S', 'authtype': 'Author', 'clusterid': ''}, {'name': 'Wang K', 'authtype': 'Author', 'clusterid': ''}, {'name': 'Liu Z', 'authtype': 'Author', 'clusterid': ''}, {'name': 'Yu T', 'authtype': 'Author', 'clusterid': ''}, {'name': 'Zhang Y', 'authtype': 'Author', 'clusterid': ''}]",2025 Jan 6
39779574,The Clinical Role of Hypoxia Inducible Factor (HIF) Inhibition in Renal Cancer: A Focus on Belzutifan.,"[{'name': 'Arduini D', 'authtype': 'Author', 'clusterid': ''}, {'name': 'Ciccarese C', 'authtype': 'Author', 'clusterid': ''}, {'name': 'Strusi A', 'authtype': 'Author', 'clusterid': ''}, {'name': 'Beccia V', 'authtype': 'Author', 'clusterid': ''}, {'name': 'Pedone RR', 'authtype': 'Author', 'clusterid': ''}, {'name': 'Scala A', 'authtype': 'Author', 'clusterid': ''}, {'name': 'Sardaro V', 'authtype': 'Author', 'clusterid': ''}, {'name': 'Tortora G', 'authtype': 'Author', 'clusterid': ''}, {'name': 'Iacovelli R', 'authtype': 'Author', 'clusterid': ''}]",2025 Jan 6
39779573,Clinical Application of PARP1 Inhibitors and Challenges in Cancer Therapy.,"[{'name': 'Luo Y', 'authtype': 'Author', 'clusterid': ''}, {'name': 'Nie M', 'authtype': 'Author', 'clusterid': ''}, {'name': 'Chen Y', 'authtype': 'Author', 'clusterid': ''}, {'name': 'Huang X', 'authtype': 'Author', 'clusterid': ''}, {'name': 'Cui X', 'authtype': 'Author', 'clusterid': ''}, {'name': 'Lin W', 'authtype': 'Author', 'clusterid': ''}, {'name': 'Xu L', 'authtype': 'Author', 'clusterid': ''}, {'name': 'Li E', 'authtype': 'Author', 'clusterid': ''}, {'name': 'Cheng Y', 'authtype': 'Author', 'clusterid': ''}]",2025 Jan 6
39779571,"Design and Evaluation of 5-Oxo-1,2,4-triazole-3-carboxamide Compounds as Promising Anticancer Agents: Synthesis, Characterization, In vitro Cytotoxicity and Molecular Docking Studies.","[{'name': 'Balavanthapu R', 'authtype': 'Author', 'clusterid': ''}, {'name': 'Sastry Vedula G', 'authtype': 'Author', 'clusterid': ''}]",2025 Jan 6
39779570,"Anti-metastasis Effects and Mechanism of Action of Curcumin Analog (2E,6E)-2,6-bis(2,3-dimethoxybenzylidene) Cyclohexanone (DMCH) on the SW620 Colorectal Cancer Cell Line.","[{'name': 'Che Rahim NF', 'authtype': 'Author', 'clusterid': ''}, {'name': 'Hussin Y', 'authtype': 'Author', 'clusterid': ''}, {'name': 'Aziz MNM', 'authtype': 'Author', 'clusterid': ''}, {'name': 'Masarudin MJ', 'authtype': 'Author', 'clusterid': ''}, {'name': 'Abd Gani S', 'authtype': 'Author', 'clusterid': ''}, {'name': 'Akhtar MN', 'authtype': 'Author', 'clusterid': ''}, {'name': 'Nik Abd Rahman NMA', 'authtype': 'Author', 'clusterid': ''}, {'name': 'Alitheen NB', 'authtype': 'Author', 'clusterid': ''}]",2025 Jan 6
39779569,Heavy Metals Alter the Anti-cancer Potency of Medicinal Plants.,"[{'name': 'Rizwan A', 'authtype': 'Author', 'clusterid': ''}, {'name': 'Aqeel A', 'authtype': 'Author', 'clusterid': ''}, {'name': 'Idris A', 'authtype': 'Author', 'clusterid': ''}, {'name': 'Farooqi H', 'authtype': 'Author', 'clusterid': ''}]",2025 Jan 6
39779566,"Bioactive Secondary Metabolites from Bauhinia variegata Linn. Roots: Isolation, Characterization, and Cytotoxic Evaluation.","[{'name': 'Kamal Y', 'authtype': 'Author', 'clusterid': ''}, {'name': 'Fatima N', 'authtype': 'Author', 'clusterid': ''}, {'name': 'Mumtaz A', 'authtype': 'Author', 'clusterid': ''}, {'name': 'Shahzadi I', 'authtype': 'Author', 'clusterid': ''}, {'name': 'Mannan A', 'authtype': 'Author', 'clusterid': ''}, {'name': 'Anaya-Eugenio GD', 'authtype': 'Author', 'clusterid': ''}, {'name': 'Arellano EDS', 'authtype': 'Author', 'clusterid': ''}, {'name': 'Ahmed M', 'authtype': 'Author', 'clusterid': ''}, {'name': 'Hussain Z', 'authtype': 'Author', 'clusterid': ''}, {'name': 'de Blanco EJC', 'authtype': 'Author', 'clusterid': ''}]",2025 Jan 6
39779562,"A Single-Arm, Open-Label, Phase Ib Clinical Study Evaluating the Efficacy and Safety of Durvalumab in Combination with Albumin-Bound Paclitaxel and Carboplatin as Neoadjuvant Therapy for Resectable Stage III Non-Small Cell Lung Cancer.","[{'name': 'Zhong Y', 'authtype': 'Author', 'clusterid': ''}, {'name': 'Li T', 'authtype': 'Author', 'clusterid': ''}, {'name': 'Bai Z', 'authtype': 'Author', 'clusterid': ''}, {'name': 'Qiu N', 'authtype': 'Author', 'clusterid': ''}, {'name': 'Liu S', 'authtype': 'Author', 'clusterid': ''}, {'name': 'Xia W', 'authtype': 'Author', 'clusterid': ''}, {'name': 'Wei Q', 'authtype': 'Author', 'clusterid': ''}, {'name': 'Chen L', 'authtype': 'Author', 'clusterid': ''}]",2025 Jan 6
39779560,"An Azomethine Derivative, 1-(4-nitrophenyl)-N-phenylmethanimine (BCS2) Ameliorated 7,12-dimethylbenz(a)anthracene-induced Mammary Carcinoma through Nrf2-Keap1-HO-1 Pathway.","[{'name': 'Acharya R', 'authtype': 'Author', 'clusterid': ''}, {'name': 'Deb PK', 'authtype': 'Author', 'clusterid': ''}, {'name': 'Pattanayak SP', 'authtype': 'Author', 'clusterid': ''}]",2025 Jan 6
39779554,Targeting PD-1 in Squamous Cell Carcinoma: Flavonoid-based Therapeutics Unveiled through in silico and in vitro Approaches.,"[{'name': 'Sharma N', 'authtype': 'Author', 'clusterid': ''}, {'name': 'Mazumder R', 'authtype': 'Author', 'clusterid': ''}, {'name': 'Rai P', 'authtype': 'Author', 'clusterid': ''}, {'name': 'Debnath A', 'authtype': 'Author', 'clusterid': ''}]",2025 Jan 6
39779552,"The Role of Immunotherapy in Lung Cancer Treatment: Current Strategies, Future Directions, and Insights into Metastasis and Immune Microenvironment.","[{'name': 'Li CL', 'authtype': 'Author', 'clusterid': ''}, {'name': 'Ma XY', 'authtype': 'Author', 'clusterid': ''}, {'name': 'Yi P', 'authtype': 'Author', 'clusterid': ''}]",2025 Jan 6
39779551,Ionizing Radiation Combined with Gold Complex Compounds Causes Apoptosis in Colorectal Cancer Cells by Increasing the Level of Caspase-3.,"[{'name': 'Sano N', 'authtype': 'Author', 'clusterid': ''}, {'name': 'Yoshino H', 'authtype': 'Author', 'clusterid': ''}, {'name': 'Sato Y', 'authtype': 'Author', 'clusterid': ''}, {'name': 'Honma H', 'authtype': 'Author', 'clusterid': ''}, {'name': 'Cordonier CEJ', 'authtype': 'Author', 'clusterid': ''}, {'name': 'Kashiwakura I', 'authtype': 'Author', 'clusterid': ''}]",2025 Jan 6
39779549,The Diverse Roles of Long Non-Coding RNA HOTTIP in Breast and Gynecological Cancer Progression.,"[{'name': 'Dari MAG', 'authtype': 'Author', 'clusterid': ''}, {'name': 'Radmehr S', 'authtype': 'Author', 'clusterid': ''}, {'name': 'Khodadadi A', 'authtype': 'Author', 'clusterid': ''}, {'name': 'Shooshtari MK', 'authtype': 'Author', 'clusterid': ''}, {'name': 'Kempisty B', 'authtype': 'Author', 'clusterid': ''}, {'name': 'Farzaneh M', 'authtype': 'Author', 'clusterid': ''}, {'name': 'Sheykhi-Sabzehpoush M', 'authtype': 'Author', 'clusterid': ''}]",2025 Jan 6
39779537,Experiences of patients with metastatic colorectal cancer participating in a supervised exercise intervention during chemotherapy.,"[{'name': 'Brouwer CG', 'authtype': 'Author', 'clusterid': ''}, {'name': 'Tusscher MRT', 'authtype': 'Author', 'clusterid': ''}, {'name': 'de Roos BM', 'authtype': 'Author', 'clusterid': ''}, {'name': 'Gootjes EC', 'authtype': 'Author', 'clusterid': ''}, {'name': 'Buffart TE', 'authtype': 'Author', 'clusterid': ''}, {'name': 'Versteeg KS', 'authtype': 'Author', 'clusterid': ''}, {'name': 'Mast IH', 'authtype': 'Author', 'clusterid': ''}, {'name': 'Streppel MM', 'authtype': 'Author', 'clusterid': ''}, {'name': 'Werter IM', 'authtype': 'Author', 'clusterid': ''}, {'name': 'May AM', 'authtype': 'Author', 'clusterid': ''}, {'name': 'Verheul HMW', 'authtype': 'Author', 'clusterid': ''}, {'name': 'Buffart LM', 'authtype': 'Author', 'clusterid': ''}, {'name': 'AMICO Consortium', 'authtype': 'CollectiveName', 'clusterid': ''}]",2025 Jan 8
39779534,Targeting the Hippo and Rap1 signaling pathways: the anti-proliferative effects of curcumin in colorectal cancer cell lines.,"[{'name': 'Sabir DK', 'authtype': 'Author', 'clusterid': ''}]",2025 Jan 8
39779532,The impact of an interactive online informational and peer support application (app) for patients with low anterior resection syndrome (LARS) on quality of life: a multicenter randomized controlled trial.,"[{'name': 'Moon J', 'authtype': 'Author', 'clusterid': ''}, {'name': 'Monton O', 'authtype': 'Author', 'clusterid': ''}, {'name': 'Smith A', 'authtype': 'Author', 'clusterid': ''}, {'name': 'Demian M', 'authtype': 'Author', 'clusterid': ''}, {'name': 'Sabboobeh S', 'authtype': 'Author', 'clusterid': ''}, {'name': 'Garfinkle R', 'authtype': 'Author', 'clusterid': ''}, {'name': 'Chamdroka M', 'authtype': 'Author', 'clusterid': ''}, {'name': 'Brown C', 'authtype': 'Author', 'clusterid': ''}, {'name': 'Chadi S', 'authtype': 'Author', 'clusterid': ''}, {'name': 'Kennedy E', 'authtype': 'Author', 'clusterid': ''}, {'name': 'Liberman S', 'authtype': 'Author', 'clusterid': ''}, {'name': 'Savard J', 'authtype': 'Author', 'clusterid': ''}, {'name': 'Vasilevsky CA', 'authtype': 'Author', 'clusterid': ''}, {'name': 'Fiore JF Jr', 'authtype': 'Author', 'clusterid': ''}, {'name': 'Loiselle C', 'authtype': 'Author', 'clusterid': ''}, {'name': 'Zelkowitz P', 'authtype': 'Author', 'clusterid': ''}, {'name': 'Bhatnagar S', 'authtype': 'Author', 'clusterid': ''}, {'name': 'Boutros M', 'authtype': 'Author', 'clusterid': ''}]",2025 Jan 8
39779530,Accurate colorectal cancer detection using a random hinge exponential distribution coupled attention network on pathological images.,"[{'name': 'Bharath E', 'authtype': 'Author', 'clusterid': ''}, {'name': 'Raja RV', 'authtype': 'Author', 'clusterid': ''}, {'name': 'Kalaivanan K', 'authtype': 'Author', 'clusterid': ''}, {'name': 'Deshpande V', 'authtype': 'Author', 'clusterid': ''}]",2025 Jan 8
39779512,SLC10A7 regulates O-GalNAc glycosylation and Ca(2+) homeostasis in the secretory pathway: insights into SLC10A7-CDG.,"[{'name': 'Durin Z', 'authtype': 'Author', 'clusterid': ''}, {'name': 'Layotte A', 'authtype': 'Author', 'clusterid': ''}, {'name': 'Morelle W', 'authtype': 'Author', 'clusterid': ''}, {'name': 'Houdou M', 'authtype': 'Author', 'clusterid': ''}, {'name': 'Folcher A', 'authtype': 'Author', 'clusterid': ''}, {'name': 'Legrand D', 'authtype': 'Author', 'clusterid': ''}, {'name': 'Lefeber D', 'authtype': 'Author', 'clusterid': ''}, {'name': 'Prevarskaya N', 'authtype': 'Author', 'clusterid': ''}, {'name': 'Von Blume J', 'authtype': 'Author', 'clusterid': ''}, {'name': 'Cormier-Daire V', 'authtype': 'Author', 'clusterid': ''}, {'name': 'Foulquier F', 'authtype': 'Author', 'clusterid': ''}]",2025 Jan 8
39779510,Long-term kidney outcomes in survivors of Wilms tumor: a single-center retrospective cohort study.,"[{'name': 'Reinert S', 'authtype': 'Author', 'clusterid': ''}, {'name': 'Benoit SW', 'authtype': 'Author', 'clusterid': ''}, {'name': 'Nagarajan R', 'authtype': 'Author', 'clusterid': ''}]",2025 Jan 9
39779496,The effect of hand and foot exercises on peripheral neuropathy and quality of life in women with breast cancer: a randomized controlled trial.,"[{'name': 'Uysal N', 'authtype': 'Author', 'clusterid': ''}, {'name': 'Ünal Toprak F', 'authtype': 'Author', 'clusterid': ''}]",2025 Jan 8
39779492,Development of (99m)Tc-Labeled Complexes with a Niraparib HYNIC Derivative for PARP-Positive Tumor Imaging.,"[{'name': 'Wang Q', 'authtype': 'Author', 'clusterid': ''}, {'name': 'Feng J', 'authtype': 'Author', 'clusterid': ''}, {'name': 'Jiang Y', 'authtype': 'Author', 'clusterid': ''}, {'name': 'Ruan Q', 'authtype': 'Author', 'clusterid': ''}, {'name': 'Yin G', 'authtype': 'Author', 'clusterid': ''}, {'name': 'Han P', 'authtype': 'Author', 'clusterid': ''}, {'name': 'Zhang J', 'authtype': 'Author', 'clusterid': ''}]",2025 Jan 8
39779467,The Role of SWI/SNF Complex in Bladder Cancer.,"[{'name': 'Lei Z', 'authtype': 'Author', 'clusterid': ''}, {'name': 'Han Y', 'authtype': 'Author', 'clusterid': ''}, {'name': 'Liao J', 'authtype': 'Author', 'clusterid': ''}, {'name': 'Li X', 'authtype': 'Author', 'clusterid': ''}, {'name': 'Su Q', 'authtype': 'Author', 'clusterid': ''}, {'name': 'Yang Z', 'authtype': 'Author', 'clusterid': ''}]",2025 Jan
39779447,Efficacy outcomes of CDK4/6 inhibitors in combination with endocrine therapy treatment in hormone receptor-positive/HER2-negative advanced breast cancer according to PAM50 intrinsic subtype: Primary results of SOLTI-1801 CDK-PREDICT study.,"[{'name': 'Tolosa P', 'authtype': 'Author', 'clusterid': ''}, {'name': 'Pascual T', 'authtype': 'Author', 'clusterid': ''}, {'name': 'Martínez-Saez O', 'authtype': 'Author', 'clusterid': ''}, {'name': 'Hernando C', 'authtype': 'Author', 'clusterid': ''}, {'name': 'Servitja S', 'authtype': 'Author', 'clusterid': ''}, {'name': 'Fernández Abad M', 'authtype': 'Author', 'clusterid': ''}, {'name': 'Brasó-Maristany F', 'authtype': 'Author', 'clusterid': ''}, {'name': 'Sanfeliu E', 'authtype': 'Author', 'clusterid': ''}, {'name': 'Benitez Fuentes JD', 'authtype': 'Author', 'clusterid': ''}, {'name': 'Lema L', 'authtype': 'Author', 'clusterid': ''}, {'name': 'Ruano Y', 'authtype': 'Author', 'clusterid': ''}, {'name': 'García-Fructuoso I', 'authtype': 'Author', 'clusterid': ''}, {'name': 'Parrilla L', 'authtype': 'Author', 'clusterid': ''}, {'name': 'Rodríguez A', 'authtype': 'Author', 'clusterid': ''}, {'name': 'Roncero AM', 'authtype': 'Author', 'clusterid': ''}, {'name': 'Cobos MÁ', 'authtype': 'Author', 'clusterid': ''}, {'name': 'Sánchez-Bayona R', 'authtype': 'Author', 'clusterid': ''}, {'name': 'Alva M', 'authtype': 'Author', 'clusterid': ''}, {'name': 'Madariaga A', 'authtype': 'Author', 'clusterid': ''}, {'name': 'Villacampa G', 'authtype': 'Author', 'clusterid': ''}, {'name': 'Canes J', 'authtype': 'Author', 'clusterid': ''}, {'name': 'Salvador F', 'authtype': 'Author', 'clusterid': ''}, {'name': 'Sánchez-Belmonte A', 'authtype': 'Author', 'clusterid': ''}, {'name': 'Malumbres M', 'authtype': 'Author', 'clusterid': ''}, {'name': 'Prat A', 'authtype': 'Author', 'clusterid': ''}, {'name': 'Ciruelos E', 'authtype': 'Author', 'clusterid': ''}]",2025 Jan 3
39779423,"Artificial Intelligence, Machine Learning and Big Data in Radiation Oncology.","[{'name': 'Zhu S', 'authtype': 'Author', 'clusterid': ''}, {'name': 'Ma SJ', 'authtype': 'Author', 'clusterid': ''}, {'name': 'Farag A', 'authtype': 'Author', 'clusterid': ''}, {'name': 'Huerta T', 'authtype': 'Author', 'clusterid': ''}, {'name': 'Gamez M', 'authtype': 'Author', 'clusterid': ''}, {'name': 'Blakaj DM', 'authtype': 'Author', 'clusterid': ''}]",2025 Jan 7
39779416,Cardiac dose comparison of abdominal and thoracic deep inspiration breath hold in adult female with left-sided breast cancer receiving radiation therapy: A systematic review and meta-analysis.,"[{'name': 'Pang WYC', 'authtype': 'Author', 'clusterid': ''}, {'name': 'Yu KS', 'authtype': 'Author', 'clusterid': ''}, {'name': 'Loke AY', 'authtype': 'Author', 'clusterid': ''}]",2025 Jan 7
39779412,AGITG MONARCC: A Randomized Phase 2 Study of Panitumumab Monotherapy and Panitumumab Plus 5-Fluorouracil as First-Line Therapy for Older Patients With RAS and BRAF Wild Type Metastatic Colorectal Cancer. A Study by the Australasian Gastro-Intestinal Trials Group (AGITG).,"[{'name': 'Burge ME', 'authtype': 'Author', 'clusterid': ''}, {'name': 'Espinoza D', 'authtype': 'Author', 'clusterid': ''}, {'name': 'Sjoquist KM', 'authtype': 'Author', 'clusterid': ''}, {'name': 'Siu DH', 'authtype': 'Author', 'clusterid': ''}, {'name': 'Mercieca-Bebber R', 'authtype': 'Author', 'clusterid': ''}, {'name': 'Chantrill LA', 'authtype': 'Author', 'clusterid': ''}, {'name': 'Karapetis CS', 'authtype': 'Author', 'clusterid': ''}, {'name': 'Steer CB', 'authtype': 'Author', 'clusterid': ''}, {'name': 'Yip S', 'authtype': 'Author', 'clusterid': ''}, {'name': 'Cuff J', 'authtype': 'Author', 'clusterid': ''}, {'name': 'Winata S', 'authtype': 'Author', 'clusterid': ''}, {'name': 'Tie J', 'authtype': 'Author', 'clusterid': ''}, {'name': 'Thaker DA', 'authtype': 'Author', 'clusterid': ''}, {'name': 'Srivastav R', 'authtype': 'Author', 'clusterid': ''}, {'name': 'Abdi E', 'authtype': 'Author', 'clusterid': ''}, {'name': 'Strickland A', 'authtype': 'Author', 'clusterid': ''}, {'name': 'Segelov E', 'authtype': 'Author', 'clusterid': ''}, {'name': 'Francesconi A', 'authtype': 'Author', 'clusterid': ''}, {'name': 'Price T', 'authtype': 'Author', 'clusterid': ''}, {'name': 'Ladwa R', 'authtype': 'Author', 'clusterid': ''}, {'name': 'Joubert W', 'authtype': 'Author', 'clusterid': ''}, {'name': 'Tebbutt NC', 'authtype': 'Author', 'clusterid': ''}]",2024 Dec 12
39779382,Benefit and Harms of Radical Nephroureterectomy as Part of a Multimodal Treatment Strategy for Upper Tract Urothelial Carcinoma Patients Presenting with Clinical Evidence of Regional Lymph Node Metastasis: A Systematic Review and Meta-analysis by the European Association of Urology Guidelines.,"[{'name': 'Rai BP', 'authtype': 'Author', 'clusterid': ''}, {'name': 'Parmar K', 'authtype': 'Author', 'clusterid': ''}, {'name': 'Pradere B', 'authtype': 'Author', 'clusterid': ''}, {'name': 'Capoun O', 'authtype': 'Author', 'clusterid': ''}, {'name': 'Soukup V', 'authtype': 'Author', 'clusterid': ''}, {'name': 'Gontero P', 'authtype': 'Author', 'clusterid': ''}, {'name': 'Soria F', 'authtype': 'Author', 'clusterid': ''}, {'name': 'Birtle A', 'authtype': 'Author', 'clusterid': ''}, {'name': 'Compérat EM', 'authtype': 'Author', 'clusterid': ''}, {'name': 'Dominguez-Escrig JL', 'authtype': 'Author', 'clusterid': ''}, {'name': 'Yuan Y', 'authtype': 'Author', 'clusterid': ''}, {'name': 'Liedberg F', 'authtype': 'Author', 'clusterid': ''}, {'name': 'Mostafid H', 'authtype': 'Author', 'clusterid': ''}, {'name': 'Rouprêt M', 'authtype': 'Author', 'clusterid': ''}, {'name': 'Teoh JY', 'authtype': 'Author', 'clusterid': ''}, {'name': 'Moschini M', 'authtype': 'Author', 'clusterid': ''}, {'name': 'Mariappan P', 'authtype': 'Author', 'clusterid': ''}, {'name': 'van Rhijn BWG', 'authtype': 'Author', 'clusterid': ''}, {'name': 'Shariat SF', 'authtype': 'Author', 'clusterid': ''}, {'name': 'Xylinas E', 'authtype': 'Author', 'clusterid': ''}, {'name': 'Masson-Lecomte A', 'authtype': 'Author', 'clusterid': ''}, {'name': 'Seisen T', 'authtype': 'Author', 'clusterid': ''}]",2025 Jan 7
39779369,Cortex-specific Tmem169 Deficiency Induces Defects in Cortical Neuron Development and Autism-like Behaviors in Mice.,"[{'name': 'Wang J', 'authtype': 'Author', 'clusterid': ''}, {'name': 'Zhang J', 'authtype': 'Author', 'clusterid': ''}, {'name': 'Li J', 'authtype': 'Author', 'clusterid': ''}, {'name': 'Gao Q', 'authtype': 'Author', 'clusterid': ''}, {'name': 'Chen J', 'authtype': 'Author', 'clusterid': ''}, {'name': 'Jia C', 'authtype': 'Author', 'clusterid': ''}, {'name': 'Gu X', 'authtype': 'Author', 'clusterid': ''}]",2025 Jan 8
39779354,Oncological surgical outcomes for colorectal cancer surgery with loco-regional anesthesia: A feasibility study.,"[{'name': 'Martlı HF', 'authtype': 'Author', 'clusterid': ''}, {'name': 'Şahingöz E', 'authtype': 'Author', 'clusterid': ''}, {'name': 'Şimşek E', 'authtype': 'Author', 'clusterid': ''}, {'name': 'Özcan AT', 'authtype': 'Author', 'clusterid': ''}, {'name': 'Aşık E', 'authtype': 'Author', 'clusterid': ''}, {'name': 'Er S', 'authtype': 'Author', 'clusterid': ''}, {'name': 'Çetinkaya E', 'authtype': 'Author', 'clusterid': ''}]",2025 Jan
39779353,Effect of laparoscopic intracorporeal reinforcing sutures to prevent anastomotic leakage: A meta-analysis.,"[{'name': 'Wang FB', 'authtype': 'Author', 'clusterid': ''}, {'name': 'Song MM', 'authtype': 'Author', 'clusterid': ''}, {'name': 'Zhang NW', 'authtype': 'Author', 'clusterid': ''}, {'name': 'Wei-Feng', 'authtype': 'Author', 'clusterid': ''}, {'name': 'Bin-Liu', 'authtype': 'Author', 'clusterid': ''}, {'name': 'Zhang PF', 'authtype': 'Author', 'clusterid': ''}]",2025 Jan
39779351,Development and validation of a nomogram to predict survival after neoadjuvant chemotherapy in elderly women with triple-negative invasive ductal breast cancer: A SEER population-based study.,"[{'name': 'Gao Y', 'authtype': 'Author', 'clusterid': ''}, {'name': 'Wang J', 'authtype': 'Author', 'clusterid': ''}, {'name': 'Wang S', 'authtype': 'Author', 'clusterid': ''}, {'name': 'Tao W', 'authtype': 'Author', 'clusterid': ''}, {'name': 'Duan R', 'authtype': 'Author', 'clusterid': ''}, {'name': 'Hao J', 'authtype': 'Author', 'clusterid': ''}, {'name': 'Gao M', 'authtype': 'Author', 'clusterid': ''}]",2025 Jan
39779315,Investigations for Suspected Head and Neck Squamous Cell Carcinoma of Unknown Primary (HNSCCUP): A National Cohort Study.,"[{'name': 'Hardman JC', 'authtype': 'Author', 'clusterid': ''}, {'name': 'Constable J', 'authtype': 'Author', 'clusterid': ''}, {'name': 'Williamson A', 'authtype': 'Author', 'clusterid': ''}, {'name': 'Dobbs S', 'authtype': 'Author', 'clusterid': ''}, {'name': 'Hogan C', 'authtype': 'Author', 'clusterid': ''}, {'name': 'Hulse K', 'authtype': 'Author', 'clusterid': ''}, {'name': 'Khosla S', 'authtype': 'Author', 'clusterid': ''}, {'name': 'Milinis K', 'authtype': 'Author', 'clusterid': ''}, {'name': 'Tudor-Green B', 'authtype': 'Author', 'clusterid': ''}, {'name': 'Paleri V', 'authtype': 'Author', 'clusterid': ''}, {'name': 'INTEGRATE (The UK ENT Trainee Research Network)', 'authtype': 'CollectiveName', 'clusterid': ''}]",2025 Jan 8
39779292,IDH Status in Brain Gliomas Can Be Predicted by the Spherical Mean MRI Technique.,"[{'name': 'Sedlák V', 'authtype': 'Author', 'clusterid': ''}, {'name': 'Němý M', 'authtype': 'Author', 'clusterid': ''}, {'name': 'Májovský M', 'authtype': 'Author', 'clusterid': ''}, {'name': 'Bubeníková A', 'authtype': 'Author', 'clusterid': ''}, {'name': 'Nordin LE', 'authtype': 'Author', 'clusterid': ''}, {'name': 'Moravec T', 'authtype': 'Author', 'clusterid': ''}, {'name': 'Engelová J', 'authtype': 'Author', 'clusterid': ''}, {'name': 'Sila D', 'authtype': 'Author', 'clusterid': ''}, {'name': 'Konečná D', 'authtype': 'Author', 'clusterid': ''}, {'name': 'Belšan T', 'authtype': 'Author', 'clusterid': ''}, {'name': 'Westman E', 'authtype': 'Author', 'clusterid': ''}, {'name': 'Netuka D', 'authtype': 'Author', 'clusterid': ''}]",2025 Jan 8
39779280,Multitargeting Pt(IV) Derivatives of Cisplatin or Oxaliplatin Inhibit Tumor Growth in Mice without Inducing Neuropathic Pain.,"[{'name': 'Babu T', 'authtype': 'Author', 'clusterid': ''}, {'name': 'Muthuramalingam RPK', 'authtype': 'Author', 'clusterid': ''}, {'name': 'Chng WH', 'authtype': 'Author', 'clusterid': ''}, {'name': 'Yau JNN', 'authtype': 'Author', 'clusterid': ''}, {'name': 'Acharya S', 'authtype': 'Author', 'clusterid': ''}, {'name': 'Engelmayer N', 'authtype': 'Author', 'clusterid': ''}, {'name': 'Feldman-Goriachnik R', 'authtype': 'Author', 'clusterid': ''}, {'name': 'Lev S', 'authtype': 'Author', 'clusterid': ''}, {'name': 'Pastorin G', 'authtype': 'Author', 'clusterid': ''}, {'name': 'Binshtok A', 'authtype': 'Author', 'clusterid': ''}, {'name': 'Hanani M', 'authtype': 'Author', 'clusterid': ''}, {'name': 'Gibson D', 'authtype': 'Author', 'clusterid': ''}]",2025 Jan 8
39779279,Deciphering risk factors for severe postherpetic neuralgia in patients with herpes zoster: an interpretable machine learning approach.,"[{'name': 'Park SJ', 'authtype': 'Author', 'clusterid': ''}, {'name': 'Han J', 'authtype': 'Author', 'clusterid': ''}, {'name': 'Choi JB', 'authtype': 'Author', 'clusterid': ''}, {'name': 'Min SK', 'authtype': 'Author', 'clusterid': ''}, {'name': 'Park J', 'authtype': 'Author', 'clusterid': ''}, {'name': 'Choi S', 'authtype': 'Author', 'clusterid': ''}]",2025 Jan 8
